t,accept,accept2,solutions,rate
100.000000,215,240,1000,0.455000
